[
    {
        "id": 1,
        "name":" JACK DANIELS",
        "price": 89.99,
        "image": "/images/jd.png"
    },
    {
        "id": 2,
        "name":" JAGERMISTER",
        "price": 71.99,
        "image": "/images/jagermeister.png"
    },
    {
        "id": 3,
        "name":" BLACK LABEL",
        "price": 104.99,
        "image": "/images/black label.png"
    },
    {
        "id": 4,
        "name":" ABSOLUT VODKA",
        "price": 59.99,
        "image": "/images/absolut.webp"
    },
    {
        "id": 5,
        "name":" RED LABEL",
        "price": 54.99,
        "image": "/images/red label.png"
    },
    {
        "id": 6,
        "name":" GRANTS",
        "price": 69.99,
        "image": "/images/grants.png"
    },
    {
        "id": 7,
        "name":" STOCK",
        "price": 33.99,
        "image": "/images/stock.jpeg"
    },
    {
        "id": 8,
        "name":" ZUBROWKA",
        "price": 27.99,
        "image": "/images/ZBG.jpeg"
    },
    {
        "id": 9,
        "name":"SOPLICA",
        "price": 26.99,
        "image": "/images/soplica.jpeg"
    },
    {
        "id": 10,
        "name":" CARLO ROSSIN",
        "price": 24.99,
        "image": "/images/carlo rossin.png"
    }

]